{
  "UserAgent": "MobileHub/1.0",
  "Version": "1.0",
  "CredentialsProvider": {
    "CognitoIdentity": {
      "Default": {
        "PoolId": "us-east-2:e770d713-8ae6-42a4-bdf7-d90befb2ea4b",
        "Region": "us-east-2"
      }
    }
  },
  "IdentityManager": {
    "Default": {}
  },
  "DynamoDBObjectMapper": {
    "Default": {
      "Region": "us-east-2"
    }
  },


    "S3TransferUtility": {
      "Default": {
        "Bucket": "project-userfiles-mobilehub-1689276834",
        "Region": "us-east-2"
      }
    },

    "UserFileManager": {
      "Default": {
        "Bucket": "project-userfiles-mobilehub-1689276834",
        "Region": "us-east-2"
      }
    }
  }